Exchange,Wallet,Address,Balance_XRP,Unique_Tags,Tagged_TX,Tag_Rate
robinhood,Robinhood1,rEAKseZ7yNgaDuxH74PkqB12cVWohpi7R6,829344,36,70,100.0%
robinhood,Robinhood2,r4ZuQtPNXGRMKfPjAsn2J7gRqoQuWnTPFP,41578,3,6,42.9%
bitflyer,BitFlyer 3,rpY7bZBkA98P8zds5LdBktAKj9ifekPdkE,674204,2,110,100.0%
bitflyer,BitFlyer 4,rhWVCsCXrkwTeLBg6DyDr7abDaHz3zAKmn,189926164,2,2,0.5%
bitpoint,BitPoint 1,rwPbLSqTDYwvCsGZEzDTNo3SgzCwEjQdWZ,22446,0,0,0.0%
bitpoint,BitPoint 2,rfmMjAXq65hpAxEf1RLNQq6RgYTSVkQUW5,10476048,161,790,98.9%
bitget,Bitget Global,rGDreBvnHrX1get7na3J4oowN19ny4GzFn,1832985,399,487,100.0%
bitso,Bitso 3,rLSn6Z3T8uCxbcd1oxwfGQN1Fdn5CyGujK,3503582,72,103,100.0%
binance,Binance 1,rEb8TK3gBgk5auZkwc6sHnwrGVJH8DuaLh,100,28,592,100.0%
binance,Binance 10,rNU4eAowPuixS5ZCWaRL72UUeKgxcKExpK,9095925,0,0,N/A
binance,Binance 11,rNxp4h8apvRis6mJf9Sh8C6iRxfrDWN7AV,152931,617,764,100.0%
binance,Binance 12,rPJ5GFpyDLv7gqeB1uZVUBwDwi41kaXN5A,43237193,7,599,91.3%
binance,Binance 13,rPz2qA93PeRCyHyFCqyNggnyycJR1N4iNf,12666766,7,9,9.8%
binance,Binance 14,rhWj9gaovwu2hZxYW7p388P8GRbuXFLQkK,14799329,0,0,0.0%
binance,Binance 15,rarG6FaeYhnzSKSS5EEPofo4gFsPn2bZKk,13094759,0,0,0.0%
binance,Binance 5,rs8ZPbYqgecRcDzQpJYAMhSxSi5htsjnza,1759318331,10,12,4.9%
binance,Binance 6,rDAE53VfMvftPB4ogpWGWvzkQxfht6JPxr,20984803,0,0,0.0%
binance,Binance 18,rfQ9EcLkU6WnNmkS3EwUkFeXeN47Rk8Cvi,9066827,0,0,N/A
binance,Binance 9,rBtttd61FExHC68vsZ8dqmS3DfjFEceA1A,9444391,0,0,N/A
binance,Binance 21,rLoqMgpjwGEQinYEM623za8c2nC2Uah8v7,23078,0,0,0.0%
binance,Binance 22,rQUp2PKzH3vCtKs5H9tsPPE1rTsN6fhjqn,10096631,1,1,0.3%
binance,Binance US 1,rEeEWeP88cpKUddKk37B2EZeiHBGiBXY3,123,3,3,27.3%
binance,Binance US 2,rMvYS27SYs5dXdFsUgpvv1CSrPsCz7ePF5,100,75,379,98.7%
binance,Binance US 3,r3ZVNKgkkT3A7hbEZ8HxnNnLDCCmZiZECV,12368563,0,0,0.0%
binance,Binance US 4,rPCpZwPKogNodbjRxGDnefVXu9Q9R4PN4Q,54465,71,785,99.2%
binance,Binance 17,rP3mUZyCDzZkTSd1VHoBbFt8HGm8fyq8qV,153123360,24,28,80.0%
binance,Binance 16,rDecw8UhrZZUiaWc91e571b3TL41MUioh7,77997462,0,0,0.0%
binance,Binance (XRP-BF2 Reserve),rJpj1Mv21gJzsbsVnkp1U4nqchZbmZ9pM5,325800010,3,3,18.8%
binance,Binance Charity2,rfxbaKNt5SnMw5rPRRm4C53YK76MEnVXro,1618393,2,7,13.0%
bitpanda,Bitpanda1,rUEfYyerfok6Yo38tTTTZKeRefNh9iB1Bd,1375,1,1,2.2%
bitpanda,Bitpanda2,rhVWrjB9EGDeK4zuJ1x2KXSjjSpsDQSaU6,5443,384,747,100.0%
bitpanda,Bitpanda3,r3T75fuLjX51mmfb5Sk1kMNuhBgBPJsjza,4656,257,685,100.0%
bitpanda,Bitpanda4,rbrCJQZVk6jYra1MPuSvX3Vpe4to9fAvh,201613,0,0,0.0%
bitstamp,Bitstamp1,rDsbeomae4FXwgQTJp9Rs64Qg9vDiTCdBv,20567368,88,361,100.0%
bitstamp,Bitstamp2,rUobSiUpYH2S97Mgb4E7b7HuzQj2uzZ3aD,51,2,10,4.0%
bitstamp,Bitstamp3,rBMFF7vhe2pxYS5wo3dpXMDrbbRudB7hGf,37,0,0,N/A
bitstamp,Bitstamp,rEXmdJZRfjXN3XGVdz99dGSZpQyJqUeirE,1,39,556,100.0%
bitbank,Bitbank1,rLbKbPyuvs4wc1h13BEPHgbFGsRXMeFGL6,466,15,15,57.7%
bitbank,Bitbank2,rw7m3CtVHwGSdhFjV4MyJozmZJv3DYQnsA,575063863,383,575,100.0%
bitbank,Bitbank3,rwggnsfxvCmDb3YP9Hs1TaGvrPR7ngrn7Z,11,1,3,3.0%
bitbank,Bitbank4,r97KeayHuEsDwyU1yPBVtMLLoQr79QcRFe,758427,0,0,0.0%
bitfinex,Bitfinex1,rLW9gnQo7BQhU6igk5keqYnH3TVrCxGRzm,12479642,55,277,100.0%
bitfinex,Bitfinex2,rE3hWEGquaixF2XwirNbA1ds4m55LxNZPk,35771062,2,8,1.3%
bitrue,Bitrue1,rKq7xLeTaDFCg9cdy9MmgxpPWS8EZf2fNq,22,16,34,94.4%
bitrue,Bitrue2,raLPjTYeGezfdb6crXZzcC8RkLBEwbBHJ5,4,399,460,98.9%
bitrue,Bitrue3,rfKsmLP6sTfVGDvga6rW6XbmSFUzc3G9f3,293529,204,418,100.0%
bitrue,Bitrue Insurance Fund,rNYW2bie6KwUSYhhtcnXWzRy5nLCa1UNCn,25038857,2,38,53.5%
bitrue,Bitrue Cold2,r4DbbWjsZQ2hCcxmjncr7MRjpXTBPckGa9,88196139,5,385,88.5%
bithumb,Bithumb1,rPMM1dRp7taeRkbT74Smx2a25kTAHdr4N5,20,2,51,12.4%
bithumb,Bithumb2,rNTkgxs5WG5mU5Sz26YoDVrHim5Y5ohC7,11,222,380,98.2%
bithumb,Bithumb3,r9hUMZBc3MWRc4YdsdZgNCW5Qef8wNSXpb,20,0,0,0.0%
bithumb,Bithumb4,r9LHiNDZvpLoWPoKnbH2JWjFET8zoYT4Y5,20,0,0,0.0%
bithumb,Bithumb,rD7XQw67JWBXuo2WPX2gZRsGKNsDUGTbx5,11,0,0,0.0%
bithumb,Bithumb10,rZcBQae9iSJqFYBpNCfxGLXH7xuEzizxR,0,103,115,77.7%
bithumb,Bithumb11,rrsSUzrT2mYAMiL46pm7cwn6MmMmxVkEWM,407,2,2,66.7%
bithumb,Bithumb12,rPyCQm8E5j78PDbrfKF24fRC7qUAk1kDMZ,1842012127,0,0,0.0%
bithumb,Bithumb13,rw3fRcmn5PJyPKuvtAwHDSpEqoW2JKmKbu,7174057,375,375,93.5%
bitkub,Bitkub 3,rE3Cc3i6163Qzo7oc6avFQAxQE4gyCWhGP,9539125,20,82,98.8%
BTC Markes,BTC Markets 1,r94JFtstbXmyG21h3RHKcNfkAHxAQ6HSGC,2,11,371,95.1%
BTC Markes,BTC Markets 2,rL3ggCUKaiR1iywkGW6PACbn3Y8g5edWiY,1564,2,275,97.2%
BTC Markes,BTC Markets 3,rU7xJs7QmjbiyxpEozNYUFQxaRD5kueY7z,6,107,567,100.0%
BTC Markes,BTC Markets 4,rwWZxJQ8R2mvvtaFUJHhF6kfV64atBiPww,1,2,553,98.9%
BTC Markes,BTC Markets 5,r3zUhJWabAMMLT5n631r2wDh9RP3dN1bRy,1352347,77,133,100.0%
BTC Markes,BTC Markets 6,rKRYAqMFTTGMZ47eXJVRKcqLJgnPQbXisg,2352307,369,388,99.7%
bybit,Bybit 1,rMrgNBrkE6FdCjWih5VAWkGMrmerrWpiZt,496,62,596,100.0%
bybit,Bybit 2,rNFKfGBzMspdKfaZdpnEyhkFyw7C1mtQ8x,21,1,7,63.6%
bybit,Bybit 3,rJn2zAPdFA193sixJwuFixRkYDUtx3apQh,4262544,594,791,100.0%
bybit,Bybit 4,rMvCasZ9cohYrSZRNYPTZfoaaSUQMfgQ8G,31535569,0,0,0.0%
bybit,Bybit 5,rwBHqnCgNRnk3Kyoc6zon6Wt4Wujj3HNGe,10,1,2,2.0%
bybit,Bybit 6,raQxZLtqurEXvH5sgijrif7yXMNwvFRkJN,50000378,4,24,24.2%
coincheck,Coincheck 1,rNQEMJA4PsoSrZRn9J6RajAYhcDzzhf8ok,276272,129,186,100.0%
coincheck,Coincheck 2,rwgvfze315jjAAxT2TyyDqAPzL68HpAp6v,30,2,7,2.4%
coincheck,Coincheck 3,r99QSej32nAcjQAri65vE5ZXjw6xpUQ2Eh,554549328,10,11,2.1%
coinbase,Coinbase1,rLNaPoKeeBjZe2qs6x52yVPZpZ8td4dc6w,8681,17,166,100.0%
coinbase,Coinbase2,rw2ciyaNshpHe7bCHo4bRWq6pqqynnWKQg,11526,448,587,100.0%
coinbase,Coinbase3,rUfghnh1VAWajpAmxgrzLPiCXJ7RwdJUgt,0,1,92,98.9%
coinbase,Coinbase4,rwpTh9DDa52XkM9nTKp2QrJuCGV5d1mQVP,508319,1,3,100.0%
coinbase,Coinbase5,r3YsZdkznVzYBv141qhwXHDWoPUXLdksNw,935,3,238,97.9%
coinbase,Coinbase6,r4sRyacXpbh4HbagmgfoQq8Q3j8ZJzbZ1J,2591313,1,4,100.0%
coinbase,Coinbase7,rUjfTQpvBr6wsGGxMw6sRmRQGG76nvp8Ln,164126,1,3,100.0%
coinbase,Coinbase10,rRmgo6NW1W7GHjC5qEpcpQnq8NE74ZS1P,179428,1,6,85.7%
coinbase,Coinbase11,rHrHuQM3E114yMyPjeULWfQmbwVBrHsBEy,1474,1,344,98.3%
coinbase,Coinbase12,rLBunuhuRY7aUCnDkSQhaf5ewCvdcWUYjR,4158,3,408,98.6%
coinbase,Coinbase13,rDw1Z5BqJejpKCGfncHJ9rwRq2kYLo4sJG,35,1,109,99.1%
coinbase,Coinbase14,rwnYLUsoBQX3ECa1A5bSKLdbPoHKnqf63J,34646,547,779,100.0%
coinbase,Coinbase (Cold 176),rsTtGH7a9mom5X8Y9D3kxroXWvA912RgUZ,10,1,48,94.1%
coinbase,Coinbase (Cold 285),r9mkuV6bpvok7SZ8Zargiw5KzZHDFbaApy,10,1,48,94.1%
coinbase,Coinbase (Cold 418),rNaJVWotxZ9nGTBiHRWR6LR1deXHa8FRLf,10,1,47,94.0%
coinbase,Coinbase (Cold 125),rGG4LZruYFJ34PNCi1doapgA1hynz3gxX7,10,1,46,93.9%
coinbase,Coinbase (Cold 283),rnVcQzWJP2sJbJF3GgvdAeqveW1V7dT2Vq,10,1,48,94.1%
coinbase,Coinbase (Cold 193),r417XbsvuBJpkMC4eHtGpvAHxgC24mb6Nc,10,1,49,92.5%
coinbase,Coinbase (Cold 299),rPeuuqP9rNhskesoA3ferKfp6VT5SvLAzU,10,1,46,93.9%
coinbase,Coinbase (Cold 456),raMRJ2d3djqwSUBK28W31R7aJQfK21zU1C,10,1,46,93.9%
coinbase,Coinbase (Cold 188),rBRaRTaq99U216NSDt7dFRrfzAtZzyrgS6,10,1,46,93.9%
coinbase,Coinbase (Cold 36),rsVDKTbUceVQqNKrSzYj8HtkVcS7TuRWSN,10,1,44,83.0%
coinbase,Coinbase (Cold 392),rBj8PDBTKKuXWJaWbaEtdkV8hq4oxRWhsB,10,1,45,93.8%
coinbase,Coinbase (Cold 100),rMJbEvjzqVeGJHs5ySZvuF2dHhWKx69t6G,10,1,46,93.9%
coinbase,Coinbase (Cold 48),rw4rHH5LrTUZ5WDXieCPT14E89PwnXtoV,0,0,0,N/A
coinbase,Coinbase (Cold 232),rNbMpc8JgLKnXs51KVYAmt4zbDvE8kgQEi,10,1,47,94.0%
coinbase,Coinbase (Cold 92),rnaxGortNCoxkWUq18jCGmQDeCrLBmiz42,10,1,45,93.8%
coinbase,Coinbase (Cold 434),rMsfxSZfdj3F1vBeVRte6b83LMV4AtZAHX,10,1,45,95.7%
coinbase,Coinbase (Cold 196),rf9CWxJKUwHm4eZo3Z8SHi6Z1D6RoqFqqq,10,1,45,93.8%
coinbase,Coinbase (Cold 78),rKmcvfZ4AeVCsJDNLZg3Xwbs86F33sC6bR,10,1,46,93.9%
coinbase,Coinbase (Cold 149),rnYzsCmvD35kBntkY5g4kf7hStMGKSQfwz,10,1,47,94.0%
coinbase,Coinbase (Cold 210),rJQC2RzzALgus6ZZgu34nXnpz67v3bRSzi,10,1,45,95.7%
coinbase,Coinbase (Cold 104),r939VcVXx5Zx9wJ1TL61StPEKaqaYf75XQ,10,1,47,94.0%
coinbase,Coinbase (Cold 206),r9rg8WT6KPXE8FGYbsGG6YaEG6wrbLxqF9,10,1,47,90.4%
coinbase,Coinbase (Cold 183),rGoDpsHfkkSvNatyXHZPiJk7qydd7uahQz,10,1,46,93.9%
coinbase,Coinbase (Cold 108),raQ3drgGw2eFHTnck6SZxKe2JhQr8Lm8w1,10,1,46,93.9%
coinbase,Coinbase (Cold 137),rnWnrbjNw5Ezdqy51a769Rror8U3xRkYxK,10,1,44,95.7%
coinbase,Coinbase (Cold 265),rwTjgH22nenAtDpPWy4g7xPhBqhVU845Az,10,1,72,98.6%
coinbase,Coinbase (Cold 375),rBAzrxLFZSqni5K67kPqX3WN7VLDTcUVWJ,10,1,72,98.6%
coinbase,Coinbase (Cold 122),rnioNuMG47FKY7sZ82EtKt1kBfD4Lg5M4S,10,1,63,98.4%
coinbase,Coinbase (Cold 400),rMAxoQbdkCHYpH9VTmdiyrR1F7T4Yvyk2k,10,1,74,98.7%
coinbase,Coinbase (Cold 87),rUejaQ5zgB7fMKhj72SPK7xAdGo6ujx2ca,10,1,71,98.6%
coinbase,Coinbase (Cold 379),rGK3t5Ppw46RciqcHtrUtvcvhD7M99HJvU,10,1,58,96.7%
coinbase,Coinbase (Cold 353),rUb2Ds39TAXnnbKekuUmJsZk11BaenHWHG,10,1,38,95.0%
coinbase,Coinbase (Cold 414),rJZkhPxEbvpyuM1tPV2YfkSgSmFPwP4Af6,10,1,89,98.9%
coinbase,Coinbase (Cold 155),r9gGyhLJNhWRUPEXbcGXR7HowrAgQL4i4B,10,1,83,98.8%
coinbase,Coinbase (Cold 197),rHCwZG3cNaKSr3aANX36m4McU3pLAj91Jr,10,1,80,98.8%
coinbase,Coinbase (Cold 394),rLex7Hn4VFotWPCzE1xXnPtx1GfqTzLnJi,10,1,82,98.8%
coinbase,Coinbase (Cold 396),rEe4cm8ZvQSMS4h4Jwuj3RtCVwqATwZ1sK,10,1,84,98.8%
coinbase,Coinbase (Cold 146),ram3dNqeea6s9HpyH8ANoFMSTW78Gk3gBv,10,1,81,98.8%
coinbase,Coinbase (Cold 345),rGthywLPxJPsmCZaWuA7K6xZ5EYJLjoq7e,10,1,83,98.8%
coinbase,Coinbase (Cold 324),rKt48W1Eg5M6DWD1CkDDYioA7Civ8zEjiy,10,1,83,98.8%
coinbase,Coinbase (Cold 259),rEEKHC9pyscnFz5hqMEe8dMQY5j1ymLC3Y,10,1,85,98.8%
coinbase,Coinbase (Cold 333),rnkzrdCPPHhHTEu5XMfmLw2Z5wq9ZNJxFM,10,1,78,98.7%
coinbase,Coinbase (Cold 248),rNdTXdz2fABUprp4LrvknEiqYXkvpzN4kx,10,1,89,98.9%
coinbase,Coinbase (Cold 290),rMgdeXXHKpnFi9FUZQgZRc73gDFjVK8PMN,10,1,87,98.9%
coinbase,Coinbase (Cold 43),rs4qVgzVsYTeTv9Fh5URf6CDeNn22AxXax,10,1,88,95.7%
coinbase,Coinbase (Cold 135),rUFDke2TLvmLQaAH6LZYmURAfQ1SCQDSLt,10,1,77,98.7%
coinbase,Coinbase (Cold 321),rJUkHKXn7fonFnYs5aP1igXZ3Y1xzKB1,0,0,0,N/A
coinbase,Coinbase (Cold 298),rL2kYqQW7BThQrEVzf1SgohWnXV7adWfqf,10,1,72,98.6%
coinbase,Coinbase (Cold 74),rHvCuXyoLzurq45ZNy91kzDmGJLqjf42Z8,10,1,73,98.6%
coinbase,Coinbase (Cold 31),r4VDPsS5yatqpkdBoJxNWh3TWWXTnmR62r,10,1,73,91.2%
coinbase,Coinbase (Cold 395),rQrYaxwU6vFvA37maEVcs1hLGgxFDxaKZn,10,1,72,98.6%
coinbase,Coinbase (Cold 136),raon8BEsrawPug1yEs8ChX4ccEC4bhbEbw,10,1,87,98.9%
coinbase,Coinbase (Cold 181),rNqCrZDNfW3apqmrk94AuAdy35eW5jB2pP,10,1,65,98.5%
coinbase,Coinbase (Cold 409),rfJL7vFfPsXLhjTctNJJf443tASrrs1Nap,10,1,65,98.5%
coinbase,Coinbase (Cold 300),rME6BCc8wFqLFtD6yGDMChPEpChN59VCym,10,1,76,98.7%
coinbase,Coinbase (Cold 187),rNx5iPejwegrf6CXgWNsZMGXgj4C2e2QGo,10,1,88,98.9%
coinbase,Coinbase (Cold 403),r4pUXa53aRzH11u2ZrPLk1tuM5mFayXwZM,10,1,74,98.7%
coinbase,Coinbase (Cold 141),rKrur5amu1cx5ZMdfZ7QdwTLyQta7dXzWW,10,1,76,98.7%
coinbase,Coinbase (Cold 233),rhDUYzz8faQi1NkAkD4UqPGhHVtMML4uY1,10,2,74,98.7%
coinbase,Coinbase (Cold 143),rH2JhAxcApv8tEJa62jzGZFYgf77NduFDP,10,1,58,98.3%
coinbase,Coinbase (Cold 247),rp8XdQLjn41ao7CNHyorP4hS8fbPbACoEw,10,1,67,98.5%
coinbase,Coinbase (Cold 384),rJT8GJhJaiugYSgZW6HuZmaGXYKudNXFbw,10,1,71,98.6%
coinbase,Coinbase (Cold 124),rsXm9nBire6zqajappuFPLJuydvHDuqz8g,10,1,74,98.7%
coinbase,Coinbase (Cold 157),rhhJhWUpU7A1enRxKAmWqyV5c9Y1xrVQTm,10,1,72,98.6%
coinbase,Coinbase (Cold 302),rPQmWocoQACFezEbQmmcRPSEhRxqp1Ksz9,10,1,72,98.6%
coinbase,Coinbase (Cold 438),rGCc2ah3xtnizjpH3gd2wQm6R837eaULa4,10,1,67,98.5%
coinbase,CoinbaseCold366,r9ZMdQ63S8NvgdCyLpfhkdbWDfQ57eKD9c,10,2,46,92.0%
coinbase,Coinbase cbXRP (6),rUf5QkXtwVr9XxCdVhn1pFN7ZyMwGhN5Ng,9158095,18,35,89.7%
coinbase,Coinbase cbXRP,rLRDoTHU6sAdXR7HA1iYdBAvWYcHXn4GBW,9158095,15,29,96.7%
coinbase,Coinbase cbXRP,r41Jx7vxzTaXH7nK3P53zUjm4owTdPE2CR,8877011,13,24,96.0%
coinbase,Coinbase cbXRP,rGpqh1aMFFhuB6fsUuvPXjmgvthFtaM8fQ,9042040,13,25,96.2%
coinbase,Coinbase cbXRP,r3YxGciPmY3HyobVEN8gfmMHDxqHFmU3wU,8344985,20,38,97.4%
coinbase,Coinbase cbXRP,rU1DGbMWhrFSJLPcrtKuV5iPyD1wrVgeaU,2307870,0,0,0.0%
coinbase,Coinbase cbXRP,rGsMk4nK4M8MtcjVbjUeaJBppjjKpXyJ7F,44385,293,392,98.7%
coinbase,Coinbase cbXRP,rMbVVXFHaBpSpJhdR1xvy7dkQL1gtnkopg,10,17,31,100.0%
coinbase,Coinbase cbXRP,rKopBmtBSMmUD6NCFNwGTG3b9ZxNzf7Tt4,10,10,17,100.0%
coinbase,Coinbase cbXRP,rGoZhmTeMo4Ew7aKQyJaHCA4LbcDo83fRK,10,9,15,100.0%
coinbase,Coinbase cbXRP,rJUkgjvo3P7qXw8nh6ctHJfGwEoBrRyqhx,10,18,34,97.1%
coinbase,Coinbase cbXRP,rPLrMQu2RozGABz6FHNaBHkrNLeTThKwNd,10,4,5,100.0%
coinbase,Coinbase cbXRP,rscyTNHsx52vxVVNb3CvCFyRQMfLtEPYRt,10,14,26,100.0%
coinone,Coinone1,rp2diYfVtpbgEMyaoWnuaWgFCAkqCAEg28,6576,227,480,100.0%
coinone,Coinone2,rPsmHDMkheWZvbAkTA8A9bVnUdadPn7XBK,53,1,9,90.0%
coinone,Coinone3,rhuCPEoLFYbpbwyhXioSumPKrnfCi3AXJZ,15235640,0,0,0.0%
coinone,Coinone4,rMksM39efoP4XyAqEjzFUEowwnVbQTh6KW,12,1,3,12.5%
coinone,Coinone5,rDKw32dPXHfoeGoD3kVtm76ia1WbxYtU7D,300250979,4,8,9.5%
coinjar,Coinjar,rPvKH3CoiKnne5wAYphhsWgqAEMf1tRAE7,27501454,56,430,100.0%
crypto.com,Crypto.com 1,r4DymtkgUAh2wqRxVfdd3Xtswzim6eC6c5,13744685,0,0,N/A
crypto.com,Crypto.com 2,rPHNKf25y3aqATYfrMv9LQnTRHQUYELXfn,104,77,576,98.6%
crypto.com,Crypto.com 3,rJmXYcKCGJSayp4sAdp6Eo4CdSFtDVv7WG,1462,2,800,100.0%
crypto.com,Crypto.com 4,rKNwXQh9GMjaU8uTqKLECsqyib47g5dMvo,332081364,498,795,100.0%
crypto.com,Crypto Exchange,rKV8HEL3vLc6q9waTiJcewdRdSFyx67QFb,2638,3,799,99.9%
Doppler Finance,Doppler Finance 1,rprFy94qJB5riJpMmnPDp3ttmVKfcrFiuq,3010780,1,785,100.0%
Doppler Finance,Doppler Finance 2,rEPQxsSVER2r4HeVR4APrVCB45K68rqgp2,131,150,156,34.1%
firi,Firi3,rJJqEefks9dewe9W7Q2g7yKFFT1zsPxw8J,1017071,36,661,98.8%
firi,Firi4,raJHqa1o57DwjtrLCZjdkMKRtfHnbrwSse,62685976,38,40,95.2%
etoro,eToro1,rsdvR9WZzKszBogBJrpLPE64WWyEW4ffzS,1634535,1,2,100.0%
etoro,eToro2,raQ9yYPNDQwyeqAAX9xJgjjQ7wUtLxJ5JV,20,0,0,0.0%
etoro,eToro3,rBMe3zVBLgeh2QN4CeX6B17zwbcN6JEmZB,20,1,8,3.7%
etoro,eToro4,rEvwSpejhGTbdAXbxRTpGAzPBQkBRZxN5s,479949318,15,17,10.2%
etoro,eToro5,rM9EyDmjxeukZGT6wfkxncqeM3ABJsro3a,1,125,343,87.9%
gate.io,Gate.io 1,rHcFoo6a9qT5NHiVn1THQRhsEGcxtYCV4d,17073853,298,459,100.0%
gate.io,Gate.io 2,rLzxZuZuAHM7k3FzfmhGkXVwScM4QSxoY7,6000000,3,5,10.6%
gate.io,Gate.io 3,rNnWmrc1EtNRe5SEQEs9pFibcjhpvAiVKF,6000000,2,2,4.8%
gate.io,Gate.io 4,rNu9U5sSouNoFunHp9e9trsLV6pvsSf54z,19923000,1,2,4.3%
gemini,Gemini1,raBQUYdAhnnojJQ6Xi3eXztZ74ot24RDq1,2536018,36,57,100.0%
gemini,Gemini2,raq2gccLh11AwvBrpYcHntUTv4xQNRpyyG,53,1,6,50.0%
gemini,Gemini3,rBYpyCjNwBDQFrgEdVfyosSgQS6iL6sTHe,2,1,1,0.6%
kraken,Kraken1,rLHzPsX6oXkzU2qL12kHCH8G8cnZv1rBJh,68806,453,789,100.0%
kraken,Kraken2,rUeDDFNp2q7Ymvyv75hFGC8DAcygVyJbNF,21,147,176,92.6%
kraken,Kraken3,rGZjPjMkfhAqmc1ssEiT753uAgyftHRo2m,20,1,1,5.3%
kraken,Kraken4,rp7TCczQuQo61dUo1oAgwdpRxLrA8vDaNV,5,10,65,94.2%
kraken,Kraken5,rEvuKRoEbZSbM5k5Qe5eTD9BixZXsfkxHf,47344200,182,273,99.6%
kraken,Kraken6,rnJrjec2vrTJAAQUTMTjj7U6xdXrk9N4mT,41119606,234,234,58.4%
kraken,Kraken7,rHapXGCL7KXTovvpEqLfDiZ6WV7vMhPWGJ,10,3,4,36.4%
KuCoin,Kucoin11,rLpvuHZFE46NUyZH5XaMvmYRJZF7aory7t,605080,185,185,33.1%
KuCoin,Kucoin5,rNFugeoj3ZN8Wv6xhuLegUBBPXKCyWLRkB,11466,49,524,100.0%
KuCoin,Kucoin7,rBxszqhQkhPALtkSpGuVeqR6hNtZ8xTH3T,11,20,27,7.4%
KuCoin,Kucoin8,rp4gqz1XdqMsWRZbzPdPAQWw1tg5LuwUVP,119,1,1,0.5%
luno,Luno1,rsRy14FvipgqudiGmptJBhr1RtpsgfzKMM,5361,474,716,100.0%
luno,Luno2,rsbfd5ZYWqy6XXf6hndPbRjDAzfmWc1CeQ,9660586,2,54,100.0%
mexc,Mexc,rs2dgzYeqYqsk8bvkQR5YPyqsXYcA24MP2,5010130,279,358,100.0%
mercadobitcoin,Mercado Bitcoin 1,rnW8je5SsuFjkMSWkgfXvqZH3gLTpXxfFH,1648480,153,388,100.0%
mercadobitcoin,Mercado Bitcoin 3,rPEPYN8sHU3cytBwVm69qPbVztaoj7wNf,19223636,12,13,32.5%
okx,Okx,rUzWJkXyEtT8ekSSxkBYPqCvHpngcy6Fks,21,165,685,100.0%
paribu,Paribu 1,rKdDdrbU3MedsG7VtBAir4RjC35tzjDZnr,92,40,472,99.8%
paribu,Paribu 2,rHWcuuZoFvDS6gNbmHSdpb7u1hZzxvCoMt,41545,65,732,99.3%
paribu,Paribu 3,rM9e4hDCEu4hY8SESypL9ymM2sMauDCncf,11,13,34,94.4%
tradeogre,TradeOgre,rhsZa1NR9GqA7NtQjDe5HtYWZxPAZ4oGrE,50262,73,140,100.0%
uphold,Uphold2,rQrQMKhcw3WnptGeWiYSwX5Tz3otyJqPnq,6068,29,361,100.0%
uphold,Uphold3,rMdG3ju8pgyVh29ELPWaDuA74CpWW6Fxns,2293242,8,168,100.0%
uphold,Uphold4,rBEc94rUFfLfTDwwGN7rQGBHc883c2QHhx,145634596,19,22,36.1%
uphold,Uphold8,rsX8cp4aj9grKVD9V1K2ouUBXgYsjgUtBL,75,1,574,98.6%
uphold,Uphold9,rErKXcbZj9BKEMih6eH6ExvBoHn9XLnTWe,4489815,0,0,0.0%
uphold,Uphold11,rKe7pZPwdKEubmEDCAu9djJVsQfK4Atmzr,10,11,28,52.8%
uphold,uphold12,rsXT3AQqhHDusFs3nQQuwcA1yXRLZJAXKw,1486079706,386,490,96.8%
upbit,Upbit1,raQwCVAJVqjrVm1Nj5SFRcX8i22BhdC9WA,79824,442,799,100.0%
upbit,Upbit12,rfL1mn4VTCoHdhHhHMwqpShCFUaDBRk6Z5,500000112,10,12,63.2%
upbit,Upbit13,rwa7YXssGVAL9yPKw6QJtCen2UqZbRQqpM,500000110,11,12,66.7%
upbit,Upbit14,rNcAdhSLXBrJ3aZUq22HaNtNEPpB5fR8Ri,500000070,45,60,90.9%
upbit,Upbit15,r38a3PtqW3M7LRESgaR4dyHjg3AxAmiZCt,500000022,8,8,80.0%
upbit,Upbit16,rMNUAfSz2spLEbaBwPnGtxTzZCajJifnzH,500000022,7,9,81.8%
upbit,Upbit17,rJWbw1u3oDDRcYLFqiWFjhGWRKVcBAWdgp,500000022,9,11,84.6%
upbit,Upbit18,rs48xReB6gjKtTnTfii93iwUhjhTJsW78B,500000022,31,34,94.4%
upbit,Upbit19,rJo4m69u9Wd1F8fN2RbgAsJEF6a4hW1nSi,500000022,10,304,99.3%
upbit,Upbit20,rLgn612WAgRoZ285YmsQ4t7kb8Ui3csdoU,500000022,10,12,85.7%
upbit,Upbit21,r4G689g4KePYLKkyyumM1iUppTP4nhZwVC,500000023,25,32,88.9%
upbit,Upbit22,rDxJNbV23mu9xsWoQHoBqZQvc77YcbJXwb,1463561418,0,0,0.0%
upbit,Upbit23,rHHQeqjz2QyNj1DVoAbcvfaKLv7RxpHMNE,1528,3,4,50.0%
sbi,SBI VC TRADE 4,rNRc2S2GSefSkTkAiyjE6LDzMonpeHp6jS,83928881,1,625,88.5%
sbi,SBI VC Trade 5,raSZXZApFg7Nj1B5G6BnhoL6HcTqVMopJ3,69708,0,0,0.0%
sbi,SBI VC Trade 6,r39uEuRjzLaSgvkjTfcejodbSrXLM3cYnX,721,0,0,0.0%
sbi,SBI VC Trade 1,rDDyH5nfvozKZQCwiBrWfcE528sWsBPWET,1,104,460,100.0%
sbi,SBI VC Trade 2,rKcVYzVK1f4PhRFjLhWP7QmteG5FpPgRub,37,404,533,100.0%
sbi,SBI VC Trade 3,rUaESVd1yLMy5VyoJvwwuqE8ZiCb2PEqBR,4135,333,712,100.0%
stake,Stake1,rnqZnvzoJjdg7n1P9pmumJ7FQ5wxNH3gYC,4132949,380,619,99.4%
stake,Stake2,razLtrbzXVXYvViLqUKLh8YenGLJid9ZTW,6209423,135,600,100.0%
stake,Stake3,rBA7oBScBPccjDcemGhkmCY82v2ZeLa2K2f,0,0,0,N/A
stake,Stake4,rBndy89HdamJ3UHNekAS6ALjW9WoCE2W5s,3466795,228,668,99.6%
korbit,Korbit1,rBTjeJu1Rvnbq476Y7PDnvnXUeERV9CxEQ,61,180,792,100.0%
korbit,Korbit2,rJRarS792K6LTqHsFkZGzM1Ue6G8jZ2AfK,72687,3,610,100.0%
korbit,Korbit3,rGU8q9qNCCQG2eMgJpLJJ1YFF5JAbntqau,20,3,644,100.0%
korbit,Korbit4,r9WGxuEbUSh3ziYt34mBRViPbqVxZmwsu3,78803,3,4,100.0%
korbit,Korbit5,rNWWbLxbZRKd51NNZCEjoSNovrrx7yiPyt,159301,190,792,100.0%
korbit,Korbit6,rGq74nAmw1ARejUNLYEBGxiQBaoNtryEe9,25629,2,31,96.9%
korbit,Korbit7,rsYFhEk4uFvwvvKJomHL7KhdF29r2sw9KD,1,10,303,94.4%
korbit,Korbit8,rwnXZEUe7o29SPcWZwnZukR8fdXmFMWHAN,16,1,12,38.7%
swissbirg,SwissBirg 3,rfyE1wqH1YY3u6BcauQwYuoD13GVtJErXq,5,4,799,100.0%
virtune,Virtune,rnaiDK2aDkDCCoRk3n9oyzbrtBcGPdHL2t,67886573,25,25,3.8%
Evernorth,Evernorth1,rsT3yYMkuicxW1hYsy787mg5XHhkz2uQRk,45620882,61,109,99.1%
Evernorth,Evernorth2,rKXXrAgpkHQN8m4HxAQCYmDCPPUByc9mVq,42263815,1,2,66.7%
Evernorth,Evernorth3,rKhjV48GdbgxAAfSvusqGNktGwAxnzzXpv,46280909,1,4,80.0%
Evernorth,Evernorth4,rGJBNGkDeRPNvNJCi57Ht1ncdht9SuctLe,45995777,3,5,83.3%
Evernorth,Evernorth5,rJX1qoSGYmx5NWJEpsBGKvxmYpGR7mDtop,45730767,1,4,80.0%
Evernorth,Evernorth6,rJuyHPDFpfeVhxfxZboTf7BYu1ptGus1v3,42560592,1,2,50.0%
Evernorth,Evernorth7,rUgQciCPP1AiwQ9f5zstYu9RzVfsKQRGc2,35730243,1,2,50.0%
Evernorth,Evernorth8,rPhQdyEaz4kcSoYKTAQhvkvdYxWKKw2vSC,42263823,1,2,66.7%
Evernorth,Evernorth9,rGy4zJtGfGtF7dtjZmBraQTcfZSQgwqpaa,42263823,1,2,66.7%
